CHART_ID,SongID,曲名,譜面,EC,HC,EXH
CT_ID0513,S000405,Kailua,DPA,★0.7,★3.9,★7.9
CT_ID1886,S001467,The Onlyonez,DPA,★1.0,★4.1,★7.6
CT_ID0305,S000242,op.31 叙情,DPA,★1.3,★6.8,★10.0
CT_ID1015,S000795,紫陽花 -AZISAI-,DPA,★0.8,★3.9,★8.5
CT_ID0047,S000039,Colors (radio edit),DPA,★0.8,★5.7,★10.2
CT_ID2063,S001603,灼熱 Lost Summer Dayz,DPA,★0.8,★4.3,★9.4
CT_ID2421,S001333,CUE CUE RESCUE,DPL,★0.8,★3.8,★7.8
CT_ID0666,S000526,Liberation,DPA,★0.9,★2.9,★7.4
CT_ID0479,S000375,Red. by Full Metal Jacket,DPA,★0.9,★2.7,★8.0
CT_ID0909,S000714,夏色DIARY - L.E.D.-G STYLE MIX -,DPA,★0.9,★4.2,★8.8
CT_ID0750,S000584,BRAINSTORM,DPA,★0.9,★5.5,★10.1
CT_ID1882,S001464,Sword of Vengeance,DPA,★0.9,★4.1,★7.9
CT_ID1123,S000878,九尾狐夜行,DPA,★0.9,★3.3,★7.7
CT_ID1517,S001186,Parvati,DPA,★0.9,★3.6,★7.8
CT_ID1401,S001093,Primitive Vibes,DPA,★0.9,★3.3,★7.8
CT_ID1241,S000971,Afterimage d'automne,DPA,★0.9,★3.5,★8.0
CT_ID0687,S000542,rumrum triplets,DPA,★0.9,★5.5,★9.3
CT_ID0353,S000277,oratio,DPA,★1.0,★5.4,★10.4
CT_ID0265,S000211,MINT,DPA,★1.0,★5.0,★8.5
CT_ID2241,S000152,RED ZONE,DPL,★1.0,★5.0,★9.0
CT_ID1807,S001408,《PL|RAYER》,DPA,★1.0,★3.8,★7.5
CT_ID0396,S000308,Go Beyond!!,DPA,★1.1,★11.4,★13.5
CT_ID0973,S000762,NINJA IS DEAD IIDX ver.,DPA,★1.1,★4.6,★8.9
CT_ID0289,S000230,Candy Galy,DPA,★1.1,★3.6,★8.3
CT_ID0072,S000059,Spica,DPA,★1.1,★7.1,★11.4
CT_ID0182,S000146,FAKE TIME,DPH,★1.2,★2.2,★8.2
CT_ID1488,S001162,Fire Beat,DPA,★1.3,★5.8,★9.7
CT_ID0294,S000234,Fascination MAXX,DPA,★1.7,★7.3,★10.9
CT_ID1873,S001458,Sirius,DPA,★0.8,★4.2,★8.4
CT_ID2051,S001592,スパークリング☆彡ハイパーチューン！！,DPA,★0.8,★4.3,★8.5
CT_ID1062,S000831,HADES,DPA,★0.9,★4.1,★9.0
CT_ID0500,S000394,Broken,DPA,★0.9,★4.6,★8.2
CT_ID0326,S000257,"Anisakis -somatic mutation type""Forza""-",DPA,★0.9,★5.3,★9.5
CT_ID0888,S000699,The Least 100sec,DPA,★0.9,★5.2,★9.3
CT_ID0383,S000299,3y3s,DPA,★0.9,★6.3,★9.7
CT_ID1821,S001419,CODE:2,DPA,★1.0,★4.1,★7.9
CT_ID0927,S000729,199024club -Re:BounceKiller-,DPA,★1.0,★3.6,★9.0
CT_ID1927,S001500,電光,DPA,★1.0,★4.7,★9.1
CT_ID0668,S000528,Little Star,DPA,★1.0,★5.0,★9.5
CT_ID1553,S001215,バッド・スイーツ、バッド・ドリーム,DPA,★1.0,★4.8,★9.3
CT_ID0311,S000247,smile,DPA,★1.0,★5.9,★10.3
CT_ID0726,S000567,トリカゴノ鳳凰,DPA,★1.0,★4.3,★8.3
CT_ID1246,S000975,Carry Me Away,DPA,★1.0,★4.9,★8.8
CT_ID0259,S000206,Ganymede,DPA,★1.0,★6.0,★10.0
CT_ID1917,S001493,残像ニ繋ガレタ追憶ノHIDEAWAY,DPA,★1.0,★4.0,★7.7
CT_ID0623,S000492,子供の落書き帳,DPA,★1.0,★5.9,★9.6
CT_ID1146,S000897,Antigravity,DPA,★1.0,★5.3,★9.8
CT_ID1452,S001134,深淵に捧ぐレクイエム,DPA,★1.0,★5.2,★9.1
CT_ID1121,S000876,火影,DPA,★1.0,★5.2,★10.4
CT_ID1981,S001541,Here We Go Now,DPA,★1.0,★4.4,★8.1
CT_ID0894,S000703,We're so Happy (P*Light Remix) IIDX ver.,DPA,★1.1,★5.3,★9.4
CT_ID0313,S000248,snow storm,DPA,★1.1,★6.1,★9.9
CT_ID0897,S000705,ZZ,DPA,★1.1,★5.6,★8.7
CT_ID0632,S000499,恋する☆宇宙戦争っ！！,DPA,★1.1,★4.9,★8.6
CT_ID1525,S001194,Rubrum Piano,DPA,★1.1,★4.5,★7.8
CT_ID0962,S000754,Highcharge Divolt,DPA,★1.2,★5.5,★9.3
CT_ID1164,S000912,Eine Haube ～聖地の果てにあるもの～,DPA,★1.2,★6.3,★10.1
CT_ID1131,S000884,童話回廊,DPA,★1.2,★5.0,★8.3
CT_ID1086,S000848,Rave Cannon,DPA,★1.2,★4.6,★8.9
CT_ID2437,S001694,かわいいだけじゃだめですか？,DPL,★1.2,★6.4,★9.7
CT_ID1106,S000864,TOGAKUSHI,DPA,★1.2,★5.2,★9.5
CT_ID0058,S000048,Summer Vacation(CU mix),DPH,★1.2,★6.9,★11.5
CT_ID0095,S000074,murmur twins,DPA,★1.2,★5.5,★9.7
CT_ID0934,S000735,Battle Train -IIDX Edition-,DPA,★1.2,★5.8,★10.0
CT_ID0617,S000487,yellow head joe,DPA,★1.2,★4.7,★8.6
CT_ID0533,S000419,Session 9 -Chronicles-,DPA,★1.3,★6.8,★10.4
CT_ID0151,S000122,GHOST REVIVAL,DPA,★1.3,★6.8,★11.1
CT_ID1676,S001310,雪上断火,DPA,★1.3,★5.2,★9.2
CT_ID0249,S000199,Concertino in Blue,DPA,★1.3,★6.7,★10.9
CT_ID1810,S001410,ACT0,DPA,★1.3,★5.6,★9.5
CT_ID0735,S000574,即席！脳直★ミュージックシステム,DPA,★1.4,★5.6,★9.3
CT_ID0225,S000180,SCREAM SQUAD,DPA,★1.4,★6.6,★11.4
CT_ID1686,S001316,#CMFLG,DPA,★1.4,★5.8,★9.8
CT_ID0460,S000360,Evans,DPA,★1.4,★5.1,★8.7
CT_ID0536,S000421,SPECIAL SUMMER CAMPAIGN!,DPA,★1.4,★5.4,★9.0
CT_ID1199,S000937,Persephone,DPA,★1.4,★4.9,★8.6
CT_ID0759,S000593,Elektrick U-Phoria,DPA,★1.4,★6.4,★9.9
CT_ID2296,S000336,凛として咲く花の如く,DPL,★1.4,★6.0,★9.3
CT_ID0373,S000292,TROOPERS,DPA,★1.4,★5.4,★9.2
CT_ID1167,S000914,encounter,DPA,★1.5,★5.6,★9.3
CT_ID0074,S000060,stoic,DPA,★1.5,★7.2,★11.3
CT_ID2157,S001670,RALLY '25,DPA,★1.5,★5.3,★8.8
CT_ID0425,S000330,ミッドナイト堕天使,DPA,★1.7,★4.6,★8.2
CT_ID0005,S000005,era (nostalmix),DPH,★1.7,★6.9,★11.1
CT_ID1203,S000939,Raspberry Railgun,DPA,★2.1,★6.0,★9.2
CT_ID0056,S000046,route 80s,DPA,★2.1,★8.0,★11.8
CT_ID0754,S000588,Close the World feat.a☆ru,DPA,★1.1,★6.2,★9.9
CT_ID1197,S000936,Papilio ulysses,DPA,★1.1,★5.5,★9.5
CT_ID0581,S000458,Infinite cave,DPA,★1.2,★5.0,★8.9
CT_ID1542,S001206,Vitrum,DPA,★1.2,★5.7,★9.0
CT_ID0309,S000246,Sense 2007,DPH,★1.3,★4.0,★9.2
CT_ID1477,S001155,Dawn Saga,DPA,★1.3,★5.6,★8.6
CT_ID0531,S000418,sakura storm,DPA,★1.3,★5.6,★9.5
CT_ID1040,S000814,BabeL ～Grand Story～,DPA,★1.3,★6.3,★9.7
CT_ID1417,S001107,T-REX vs Velociraptor (In the Far east euphoria),DPA,★1.4,★6.1,★9.8
CT_ID1057,S000828,FUZIN RIZIN,DPA,★1.4,★6.0,★10.0
CT_ID0328,S000259,Be OK,DPA,★1.4,★6.1,★9.7
CT_ID0863,S000677,Invitation from Mr.C,DPA,★1.4,★5.8,★9.4
CT_ID0653,S000517,FLOWER,DPA,★1.4,★6.1,★9.5
CT_ID0708,S000555,True Blue,DPA,★1.4,★5.8,★8.9
CT_ID1259,S000983,Drastic Dramatic,DPA,★1.4,★5.8,★9.3
CT_ID1354,S001055,AKASHIC BREAK,DPA,★1.4,★7.0,★10.4
CT_ID2146,S001662,Mighty Beat Monsterz,DPA,★1.4,★6.3,★10.2
CT_ID0856,S000670,Gravigazer,DPA,★1.4,★5.8,★8.9
CT_ID0551,S000433,黒髪乱れし修羅となりて,DPA,★1.5,★6.6,★10.1
CT_ID0740,S000578,ΕΛΠΙΣ,DPA,★1.5,★6.2,★9.6
CT_ID0895,S000704,Ｘ↑Ｘ↓,DPA,★1.5,★6.4,★10.2
CT_ID0177,S000141,BLOCKS,DPA,★1.5,★5.9,★10.0
CT_ID1291,S001008,Night! Night! Night!,DPA,★1.5,★6.3,★9.8
CT_ID2335,S000582,ATHER,DPL,★1.5,★8.1,★11.4
CT_ID0300,S000239,KAMAITACHI,DPA,★1.5,★6.3,★10.3
CT_ID1681,S001313,禊,DPA,★1.5,★6.1,★9.3
CT_ID0467,S000364,GOLDEN CROSS,DPA,★1.6,★6.4,★9.6
CT_ID2291,S000317,Punch Love 仮面,DPL,★1.6,★7.0,★10.7
CT_ID0804,S000629,Unicorn tail,DPA,★1.6,★6.3,★9.7
CT_ID0466,S000363,GALGALIM,DPA,★1.6,★6.1,★10.4
CT_ID1405,S001096,Rave Patroller,DPA,★1.6,★5.2,★8.7
CT_ID2250,S000178,POODLE,DPL,★1.6,★6.0,★9.5
CT_ID0938,S000738,chaos eater -IIDX edition-,DPA,★1.7,★6.6,★10.0
CT_ID0872,S000685,Rave*it!! Rave*it!!,DPA,★1.7,★5.7,★9.1
CT_ID2016,S001567,SISYPHUS,DPA,★1.7,★6.7,★10.5
CT_ID0733,S000572,狂イ咲ケ焔ノ華,DPA,★1.9,★7.5,★11.1
CT_ID0377,S000294,ミラージュ・レジデンス,DPA,★2.0,★6.1,★9.6
CT_ID1293,S001009,ONIGOROSHI,DPA,★2.0,★6.2,★9.9
CT_ID0794,S000621,rainbow guitar weeps,DPA,★2.0,★6.9,★10.1
CT_ID1266,S000989,GENE,DPA,★2.0,★6.9,★9.9
CT_ID0187,S000148,gigadelic,DPH,★2.1,★5.8,★10.2
CT_ID1732,S001350,Meissa,DPA,★2.1,★6.2,★9.3
CT_ID0024,S000019,starmine,DPA,★2.1,★6.4,★10.7
CT_ID0120,S000096,lower world,DPA,★2.1,★5.5,★9.3
CT_ID1993,S001549,Mid-Corner (Magic Maker),DPA,★2.1,★5.9,★9.8
CT_ID0719,S000563,カジノファイヤーことみちゃん,DPA,★2.2,★10.7,★13.5
CT_ID1468,S001148,BIGソムタム,DPA,★2.3,★5.8,★9.3
CT_ID0283,S000225,華蝶風雪,DPA,★2.3,★5.4,★9.6
CT_ID1288,S001005,Macho Monky,DPA,★2.3,★6.1,★9.6
CT_ID0557,S000437,旅人リラン,DPA,★2.3,★7.2,★11.1
CT_ID0452,S000355,DOMINION,DPA,★2.4,★6.9,★10.6
CT_ID1826,S001422,Dahlia,DPA,★2.5,★6.1,★9.9
CT_ID1852,S001442,JUSTICE/GUILTY feat. Nana Takahashi & 709sec.,DPA,★2.5,★6.5,★9.8
CT_ID0572,S000451,fffff,DPA,★2.5,★8.2,★11.5
CT_ID2141,S001659,Makin' It,DPA,★2.5,★5.7,★10.5
CT_ID1737,S001353,ONE AND ONLY,DPA,★2.5,★5.9,★9.7
CT_ID0031,S000026,QQQ,DPH,★2.5,★6.5,★10.5
CT_ID2120,S001645,Gimme a Big Beat(青龍 Remix),DPA,★2.5,★7.0,★10.6
CT_ID0079,S000064,革命,DPH,★2.6,★6.5,★10.2
CT_ID0298,S000238,INORI,DPA,★2.7,★7.0,★10.6
CT_ID0139,S000111,1st Samurai,DPA,★2.8,★7.5,★10.9
CT_ID0104,S000081,桜,DPA,★3.1,★7.8,★12.2
CT_ID1101,S000860,Summerlights(IIDX Edition),DPA,★3.1,★7.9,★11.2
CT_ID0528,S000416,SABER WING,DPA,★3.1,★7.3,★10.8
CT_ID0334,S000264,Do it!! Do it!!,DPA,★3.2,★7.5,★11.0
CT_ID2313,S000454,GIGANT,DPL,★3.2,★6.5,★9.9
CT_ID0539,S000423,THE BLACK KNIGHT,DPA,★3.3,★6.5,★10.4
CT_ID1147,S000898,Arca,DPA,★3.3,★6.2,★9.7
CT_ID1345,S001047,泰東ノ翠霞,DPA,★3.6,★7.1,★11.0
CT_ID1624,S001269,One for All,DPA,★3.6,★7.1,★10.5
CT_ID0518,S000409,New Castle Legions,DPA,★3.8,★7.1,★10.3
CT_ID1550,S001213,スーパー戦湯ババンバーン,DPA,★3.8,★6.8,★9.8
CT_ID0006,S000005,era (nostalmix),DPA,★3.8,★8.8,★12.7
CT_ID0020,S000015,era (step mix),DPA,★3.9,★8.8,★12.7
CT_ID1883,S001465,T.R.O.L.L.,DPA,★4.0,★6.9,★10.4
CT_ID1514,S001183,OTOKOZAKA,DPA,★4.2,★6.9,★9.8
CT_ID2337,S000585,BRAVE OUT,DPL,★4.2,★6.4,★9.4
CT_ID1915,S001492,今宵、ロマンス横丁。,DPA,★1.5,★6.3,★9.7
CT_ID0604,S000477,Snake Stick,DPA,★1.5,★6.6,★10.7
CT_ID1920,S001495,"灼熱Beach Side Bunny (かめりあ's ""Summertime D'n'B"" Remix)",DPA,★1.5,★6.6,★10.5
CT_ID1213,S000947,The Chase,DPA,★1.8,★5.8,★11.0
CT_ID1731,S001349,MAX 360,DPA,★2.0,★6.8,★10.4
CT_ID2422,S001344,KING,DPL,★2.2,★6.5,★9.4
CT_ID1922,S001496,終焔のClaudia,DPA,★2.3,★6.7,★10.2
CT_ID0562,S000444,BLACK.by X-Cross Fade,DPA,★2.4,★6.5,★10.7
CT_ID1375,S001071,Friction[!]Function,DPA,★2.4,★6.7,★10.3
CT_ID0393,S000306,Colorful Cookie,DPA,★2.5,★5.9,★9.2
CT_ID1426,S001114,TRIUMPH,DPA,★2.5,★5.7,★9.6
CT_ID2257,S000206,Ganymede,DPL,★2.5,★7.6,★10.9
CT_ID1102,S000861,Super Rush,DPA,★2.5,★6.0,★9.5
CT_ID1393,S001086,Megalara Garuda,DPA,★2.6,★7.1,★10.4
CT_ID2417,S001300,ハイテックトキオ,DPL,★2.6,★6.3,★9.5
CT_ID1835,S001428,GAME ON,DPA,★2.6,★7.4,★11.0
CT_ID0658,S000521,Hollywood Galaxy,DPA,★2.7,★7.6,★10.8
CT_ID2179,S001685,THUNDERSTRIKE,DPA,★2.8,★6.7,★10.3
CT_ID0771,S000603,INSOMNIA,DPA,★2.8,★10.2,★12.6
CT_ID1117,S000873,〆,DPA,★2.8,★6.9,★10.2
CT_ID0017,S000013,DXY!,DPH,★3.0,★8.3,★12.5
CT_ID2011,S001563,Satellite Burst,DPA,★3.0,★7.2,★10.2
CT_ID1368,S001066,Double Dribble,DPA,★3.0,★6.3,★9.4
CT_ID2341,S000596,Feel The Beat,DPL,★3.0,★7.4,★10.5
CT_ID0791,S000619,PUNISHER,DPA,★3.0,★7.0,★10.2
CT_ID2433,S001557,Plazma,DPL,★3.0,★7.2,★10.0
CT_ID0882,S000693,Shooting Fireball,DPA,★3.0,★6.6,★10.0
CT_ID0819,S000639,轟け！恋のビーンボール！！,DPA,★3.1,★8.1,★11.4
CT_ID1742,S001356,Peaktime Booster,DPA,★3.2,★7.8,★11.6
CT_ID0588,S000464,NNRT,DPA,★3.2,★7.0,★10.5
CT_ID0213,S000171,garden,DPA,★3.2,★7.5,★11.2
CT_ID2311,S000500,A MINSTREL ～ ver. short-scape ～,DPL,★3.2,★6.3,★9.3
CT_ID0310,S000246,Sense 2007,DPA,★3.3,★7.1,★10.8
CT_ID1800,S001403,神のシナリオ,DPA,★3.3,★7.3,★10.6
CT_ID2425,S001402,神っぽいな,DPL,★3.3,★7.1,★10.3
CT_ID1606,S001255,GiGaGaHell,DPA,★3.3,★7.6,★11.4
CT_ID0842,S000659,cinder,DPA,★3.3,★7.3,★10.5
CT_ID1871,S001456,Seven Times Four,DPA,★3.3,★7.3,★10.4
CT_ID0742,S000579,Adularia,DPA,★3.3,★7.4,★10.8
CT_ID2275,S000289,the trigger of innocence,DPL,★3.4,★7.2,★10.2
CT_ID2027,S001575,u gotta beat,DPA,★3.4,★7.6,★10.5
CT_ID1710,S001334,dica dica,DPA,★3.4,★7.4,★10.9
CT_ID2236,S000099,one or eight,DPL,★3.4,★7.8,★11.1
CT_ID0911,S000715,鬼天,DPA,★3.5,★7.6,★10.7
CT_ID0767,S000600,I will be back -オレは帰ってきた-,DPA,★3.5,★7.3,★10.5
CT_ID0162,S000129,No.13,DPA,★3.5,★7.5,★10.8
CT_ID1694,S001322,Always We Trust In You,DPA,★3.5,★7.8,★10.9
CT_ID1127,S000881,刃図羅,DPA,★3.6,★6.3,★9.5
CT_ID1640,S001280,Smalt #28598F,DPA,★3.6,★6.9,★9.7
CT_ID0945,S000743,Devil's Gear,DPA,★3.6,★7.2,★10.3
CT_ID1314,S001024,Trill auf G,DPA,★3.6,★8.2,★11.3
CT_ID0273,S000217,tripping contact(teranoid&MC Natsack Remix),DPA,★3.6,★7.8,★11.2
CT_ID1219,S000950,Xperanza,DPA,★3.7,★7.1,★10.9
CT_ID2285,S000312,Kung-fu Empire,DPL,★3.7,★7.3,★10.3
CT_ID1136,S000889,255,DPA,★3.7,★7.3,★10.9
CT_ID0614,S000485,WONDER WALKER,DPA,★3.7,★6.8,★9.9
CT_ID0798,S000624,RIZING YOU UP,DPA,★3.7,★8.3,★11.5
CT_ID0884,S000695,SpaceLand☆TOYBOX,DPA,★3.8,★7.1,★10.1
CT_ID0026,S000020,SWEET LAB,DPA,★3.8,★8.1,★12.4
CT_ID0316,S000250,TRANOID,DPA,★3.8,★10.0,★13.0
CT_ID0183,S000146,FAKE TIME,DPA,★3.9,★6.8,★11.2
CT_ID0188,S000148,gigadelic,DPA,★3.9,★5.6,★9.4
CT_ID1761,S001372,Super Freak,DPA,★3.9,★7.5,★10.6
CT_ID2327,S000552,Time To Empress,DPL,★3.9,★7.6,★10.5
CT_ID1838,S001431,Ghost Pulse,DPA,★4.0,★7.1,★9.9
CT_ID0664,S000525,JOMANDA,DPA,★4.0,★10.1,★12.5
CT_ID0730,S000570,音楽,DPA,★4.0,★8.7,★12.1
CT_ID2227,S000004,RUGGED ASH,DPL,★4.0,★8.3,★10.9
CT_ID1267,S000990,GIGA THRASH,DPA,★4.1,★6.8,★10.0
CT_ID0251,S000200,CONTRACT,DPA,★4.1,★7.4,★10.7
CT_ID2278,S000298,Wanna Party?,DPL,★4.2,★7.3,★10.1
CT_ID2102,S001634,Disco Killer Music Lover,DPA,★4.2,★7.0,★10.2
CT_ID1279,S000998,L.F.O,DPA,★4.2,★7.2,★10.5
CT_ID0972,S000761,Nightmare before oversleep,DPA,★4.3,★6.9,★10.0
CT_ID0697,S000548,SYNC-ANTHEM,DPA,★4.3,★7.1,★9.9
CT_ID0157,S000126,Love Is Eternity,DPA,★4.3,★5.7,★9.1
CT_ID1719,S001342,Hat Surprise (Season 2),DPA,★4.3,★7.0,★10.0
CT_ID0155,S000125,Innocent Walls,DPA,★4.4,★7.8,★11.9
CT_ID1948,S001518,Bring The Fire,DPA,★4.6,★6.3,★9.7
CT_ID1718,S001341,glacia,DPA,★4.6,★7.3,★10.2
CT_ID2415,S001297,グッバイ宣言,DPL,★4.6,★7.3,★10.4
CT_ID0883,S000694,Sounds Of Summer,DPA,★4.7,★6.6,★10.0
CT_ID2381,S000865,Umbral,DPL,★4.8,★7.4,★10.3
CT_ID2336,S000583,BLUE DRAGON(雷龍RemixIIDX),DPL,★4.9,★8.3,★11.2
CT_ID2405,S001122,Ypsilon,DPL,★5.1,★7.4,★10.0
CT_ID1263,S000986,EVANESCENT,DPA,★5.1,★7.2,★10.1
CT_ID0458,S000359,eRAseRmOToRpHAntOM,DPA,★5.2,★8.2,★11.8
CT_ID0646,S000513,DAY DREAM,DPA,★5.2,★9.3,★12.3
CT_ID2261,S000237,GRID KNIGHT,DPL,★5.3,★9.0,★11.9
CT_ID2133,S001654,King of Tribe,DPA,★5.3,★7.4,★10.0
CT_ID2253,S000182,Scripted Connection⇒ H mix,DPL,★5.4,★7.6,★10.4
CT_ID1408,S001099,SCREW // owo // SCREW,DPA,★2.4,★6.8,★11.2
CT_ID1299,S001013,Red. by Jack Trance,DPA,★2.7,★7.8,★11.7
CT_ID1944,S001514,Aqvion,DPA,★3.4,★7.2,★10.4
CT_ID2202,S001706,ベンガル vs. アムール Battle,DPA,★3.4,★6.9,★10.1
CT_ID2181,S001687,UNDO THE NIGHT,DPA,★3.5,★7.1,★10.5
CT_ID1389,S001083,Lords Of The Roundtable,DPA,★3.5,★7.1,★11.4
CT_ID2408,S001187,POLKAMANIA,DPL,★3.6,★7.2,★10.5
CT_ID0936,S000736,Blue Spring Express,DPA,★3.6,★7.4,★10.8
CT_ID0360,S000282,"satellite020712 from ""CODED ARMS""",DPA,★3.6,★6.9,★10.1
CT_ID0195,S000155,Sphere,DPA,★3.7,★3.6,★10.2
CT_ID1419,S001109,TECHNO Style Essentials,DPA,★3.7,★7.3,★10.4
CT_ID2346,S000615,Miracle 5ympho X,DPL,★3.8,★8.4,★11.9
CT_ID0815,S000637,バンブーソード・ガール,DPA,★3.8,★7.7,★11.0
CT_ID1758,S001369,Stylus,DPA,★3.9,★7.2,★10.2
CT_ID0341,S000268,ICARUS,DPA,★3.9,★8.4,★11.7
CT_ID2431,S001497,寝起きヤシの木,DPL,★3.9,★7.8,★11.0
CT_ID2429,S001484,フォニイ,DPL,★3.9,★6.9,★9.8
CT_ID1824,S001421,Cult Invitation,DPA,★4.0,★7.9,★11.3
CT_ID1466,S001147,ASIAN VIRTUAL REALITIES (MELTING TOGETHER IN DAZZLING DARKNESS),DPA,★4.0,★7.6,★10.7
CT_ID0899,S000706,それは花火のような恋,DPA,★4.0,★7.2,★10.3
CT_ID2280,S000301,Arabian Rave Night,DPL,★4.0,★7.5,★10.4
CT_ID0907,S000713,リリーゼと炎龍レーヴァテイン,DPA,★4.0,★7.6,★10.8
CT_ID1365,S001064,Dans la nuit de l'eternite,DPA,★4.0,★8.0,★11.4
CT_ID1698,S001325,B.O.D.Y.,DPA,★4.1,★7.0,★9.9
CT_ID0922,S000724,超青少年ノ為ノ超多幸ナ超古典的超舞曲,DPA,★4.1,★6.6,★9.4
CT_ID1899,S001477,Xb10r,DPA,★4.1,★7.3,★10.4
CT_ID1555,S001217,水鏡の異界,DPA,★4.1,★7.7,★10.8
CT_ID0174,S000138,AA,DPA,★4.1,★7.3,★10.3
CT_ID1205,S000941,Slipstream,DPA,★4.2,★7.2,★10.4
CT_ID0991,S000777,StrayedCatz,DPA,★4.2,★8.3,★11.9
CT_ID0173,S000137,雪月花,DPA,★4.2,★6.9,★10.9
CT_ID1934,S001505,未完成ノ蒸氣驅動乙女,DPA,★4.2,★8.0,★10.8
CT_ID0648,S000514,Devilz Staircase,DPA,★4.2,★8.0,★11.6
CT_ID0677,S000534,Plan 8,DPA,★4.2,★8.8,★12.0
CT_ID0889,S000700,TIEFSEE,DPA,★4.3,★7.3,★10.1
CT_ID2009,S001562,Roar of Chronos,DPA,★4.3,★7.5,★10.2
CT_ID0931,S000732,AO-1,DPA,★4.3,★6.9,★10.0
CT_ID1930,S001502,電腦都市,DPA,★4.3,★7.6,★11.0
CT_ID1348,S001049,抱きしめてモナムール,DPA,★4.3,★7.9,★11.0
CT_ID1583,S001237,Angel's Ladder,DPA,★4.4,★7.9,★11.2
CT_ID2332,S000576,龍と少女とデコヒーレンス,DPL,★4.4,★7.6,★10.3
CT_ID0817,S000638,海神,DPA,★4.4,★7.2,★10.2
CT_ID2083,S001620,Any％,DPA,★4.4,★7.7,★10.6
CT_ID1159,S000909,DEADHEAT,DPA,★4.4,★8.2,★11.6
CT_ID1633,S001276,Purple Perplex,DPA,★4.4,★8.2,★11.7
CT_ID0569,S000449,F,DPA,★4.5,★7.5,★10.5
CT_ID2139,S001658,Lisa-RICCIA,DPA,★4.5,★7.3,★10.3
CT_ID1232,S000961,神謳 -RESONANCE-,DPA,★4.5,★8.0,★11.2
CT_ID0836,S000654,Broken Sword,DPA,★4.5,★7.2,★9.9
CT_ID2207,S001709,ラブコメトキドキシリアス,DPA,★4.5,★7.6,★10.8
CT_ID1322,S001029,voltississimo,DPA,★4.6,★8.8,★11.4
CT_ID1599,S001250,Fegrix,DPA,★4.6,★7.2,★10.3
CT_ID0745,S000581,Ancient Scapes,DPA,★4.6,★8.2,★11.2
CT_ID1383,S001079,LASER CRUSTER (IGNITE REMIX),DPA,★4.6,★8.2,★11.1
CT_ID1085,S000847,RAIN,DPA,★4.7,★7.7,★10.9
CT_ID2137,S001657,Limelight,DPA,★4.7,★7.6,★10.7
CT_ID0363,S000285,State Of The Art,DPA,★4.7,★7.2,★10.1
CT_ID1386,S001081,LIGHTNING STRIKES,DPA,★4.7,★7.6,★10.5
CT_ID1833,S001427,frequent,DPA,★4.7,★7.5,★10.3
CT_ID1647,S001286,TOMAHAWK,DPA,★4.7,★8.0,★11.7
CT_ID1893,S001473,Vermilion Carol,DPA,★4.7,★8.1,★10.8
CT_ID0920,S000722,千年ノ理,DPA,★4.7,★7.9,★10.8
CT_ID0504,S000396,Dances with Snow Fairies,DPA,★4.8,★8.0,★11.3
CT_ID1278,S000997,KILL EACH OTHER,DPA,★4.8,★7.8,★11.0
CT_ID1735,S001352,No Border,DPA,★4.8,★7.8,★10.5
CT_ID0781,S000609,Last Dance,DPA,★4.8,★7.8,★10.5
CT_ID2360,S000671,GUILTY,DPL,★4.8,★8.0,★10.7
CT_ID0725,S000566,たまゆら,DPA,★4.9,★7.2,★10.2
CT_ID1248,S000976,Catch Our Fire!,DPA,★4.9,★8.4,★11.4
CT_ID1869,S001454,Resonant,DPA,★4.9,★8.2,★10.9
CT_ID1803,S001405,恋愛＝精度×認識力,DPA,★4.9,★8.5,★11.6
CT_ID2420,S001330,Caldwell 99,DPL,★4.9,★8.2,★11.1
CT_ID2375,S000809,Amazing Mirage,DPL,★4.9,★7.4,★10.3
CT_ID1342,S001045,金野火織の金色提言,DPA,★4.9,★8.0,★11.1
CT_ID0717,S000561,アストライアの双皿,DPA,★4.9,★8.3,★12.1
CT_ID0080,S000064,革命,DPA,★5.0,★8.3,★11.7
CT_ID2406,S001150,Burning Flame,DPL,★5.0,★7.7,★10.8
CT_ID0846,S000662,Despair of ELFERIA,DPA,★5.0,★8.1,★11.2
CT_ID2001,S001555,Pinky Happy Crazy,DPA,★5.0,★7.4,★10.7
CT_ID1049,S000822,Caterpillar,DPA,★5.0,★7.8,★11.3
CT_ID1447,S001130,華麗なる大犬円舞曲,DPA,★5.0,★8.0,★11.0
CT_ID0216,S000174,INAZUMA,DPA,★5.0,★8.7,★11.8
CT_ID1954,S001523,COSMIC V3LOCITY,DPA,★5.1,★8.0,★10.6
CT_ID0050,S000042,G2,DPA,★5.1,★7.7,★11.9
CT_ID1968,S001532,EYE OF THE HEAVEN,DPA,★5.1,★7.4,★10.2
CT_ID0322,S000254,電人、暁に斃れる。,DPA,★5.1,★8.4,★12.0
CT_ID1320,S001028,Visterhv,DPA,★5.1,★7.5,★10.6
CT_ID2353,S000650,Beat Radiance,DPL,★5.1,★7.9,★10.6
CT_ID1099,S000858,Snakey Kung-fu,DPA,★5.1,★7.8,★10.7
CT_ID0774,S000605,invoker,DPA,★5.1,★7.4,★10.8
CT_ID1942,S001512,1116,DPA,★5.2,★8.9,★11.7
CT_ID1483,S001158,Empire of Fury,DPA,★5.2,★8.3,★11.4
CT_ID0756,S000590,DARK LEGACY,DPA,★5.2,★8.7,★11.6
CT_ID1856,S001444,MAXIMUM CHEAT GIRL,DPA,★5.2,★8.1,★11.2
CT_ID2199,S001704,ビビッド ☆+*。キラキライム,DPA,★5.2,★7.7,★10.3
CT_ID0693,S000546,Sol Cosine Job 2,DPA,★5.2,★8.2,★11.1
CT_ID0184,S000147,GENOCIDE,DPH,★5.2,★9.5,★12.5
CT_ID1617,S001263,LIVE DRIVING!! feat. 花たん,DPA,★5.2,★7.8,★10.9
CT_ID1593,S001245,Don't believe the hype,DPA,★5.3,★7.9,★11.1
CT_ID1432,S001118,Vinculum stellarum,DPA,★5.3,★8.1,★10.9
CT_ID1282,S001001,Lethal Weapon,DPA,★5.3,★8.8,★11.5
CT_ID2116,S001642,From Human Blood,DPA,★5.3,★7.8,★10.8
CT_ID1879,S001462,Stereo Beasts,DPA,★5.3,★7.3,★9.9
CT_ID1271,S000993,HARD BRAIN,DPA,★5.4,★6.8,★9.6
CT_ID2330,S000571,仮想空間の旅人たち,DPL,★5.4,★7.6,★10.2
CT_ID2173,S001681,Space Battleship S4TO,DPA,★5.4,★7.3,★10.1
CT_ID0462,S000361,EXUSIA,DPA,★5.4,★7.4,★10.5
CT_ID1498,S001170,innocent revolver,DPA,★5.4,★7.7,★10.8
CT_ID2151,S001666,OMEGA,DPA,★5.5,★8.8,★11.4
CT_ID2127,S001650,HyperTwist,DPA,★5.5,★10.0,★12.4
CT_ID1557,S001219,世界の果てに約束の凱歌を -ReUnion-,DPA,★5.5,★8.1,★11.2
CT_ID1703,S001328,BIGWAVERS,DPA,★5.5,★8.1,★11.0
CT_ID1863,S001449,Out of Control,DPA,★5.5,★9.1,★11.9
CT_ID0958,S000752,Godspeed,DPA,★5.5,★8.9,★11.7
CT_ID1960,S001526,DIVINE JUDGEMENT,DPA,★5.5,★7.9,★10.7
CT_ID0656,S000519,GAIA,DPA,★5.5,★8.8,★11.7
CT_ID1053,S000825,DORNWALD ～Junge～,DPA,★5.6,★8.4,★11.4
CT_ID1817,S001416,BLAZING_LAZER,DPA,★5.6,★8.1,★10.8
CT_ID1270,S000992,GO OVER WITH GLARE -ROOTAGE 26-,DPA,★5.6,★7.8,★10.5
CT_ID1649,S001287,Triple Cross,DPA,★5.6,★8.0,★10.8
CT_ID1530,S001197,SOLID STATE SQUAD -RISEN RELIC REMIX-,DPA,★5.6,★8.2,★11.3
CT_ID1308,S001020,THE DAY OF JUBILATIONS,DPA,★5.6,★8.6,★11.5
CT_ID1083,S000846,Quakes,DPA,★5.6,★8.8,★12.0
CT_ID2281,S000302,B4U(BEMANI FOR YOU MIX),DPL,★5.6,★8.3,★11.0
CT_ID2159,S001671,Regina vespaE,DPA,★5.6,★7.8,★10.5
CT_ID1139,S000891,AA -rebuild-,DPA,★5.7,★8.0,★11.0
CT_ID1201,S000938,Rampage,DPA,★5.7,★7.5,★10.5
CT_ID2314,S000502,KYAMISAMA ONEGAI!,DPL,★5.7,★8.2,★10.9
CT_ID2259,S000225,華蝶風雪,DPL,★5.7,★8.0,★11.2
CT_ID1765,S001375,TECHNOPHOBIA,DPA,★5.7,★8.1,★11.5
CT_ID0723,S000565,シュレーディンガーの猫,DPA,★5.7,★10.0,★12.5
CT_ID1721,S001343,I,DPA,★5.7,★8.1,★10.8
CT_ID0464,S000362,G59,DPA,★5.7,★9.0,★11.9
CT_ID1634,S001277,Push on Beats!～音ゲの国のeX-ストリーマー～,DPA,★5.7,★8.3,★11.3
CT_ID2106,S001636,Dusk Endir,DPA,★5.7,★8.5,★11.6
CT_ID2091,S001625,BitRacer,DPA,★5.7,★8.7,★11.3
CT_ID1145,S000896,ANCHOR,DPA,★5.7,★8.1,★11.0
CT_ID1539,S001204,Tiempo Loco,DPA,★5.8,★8.1,★10.7
CT_ID1691,S001319,24h Endurance Race,DPA,★5.8,★8.7,★11.8
CT_ID0302,S000240,LASER CRUSTER,DPA,★5.8,★7.9,★10.6
CT_ID0577,S000455,HAERETICUS,DPA,★5.8,★8.6,★11.6
CT_ID2190,S001696,クレッシェンド,DPA,★5.8,★9.4,★12.4
CT_ID1577,S001233,Aftermath,DPA,★5.8,★7.9,★10.6
CT_ID1966,S001531,EX-MASSIVE FIGHTER,DPA,★5.8,★7.5,★10.3
CT_ID0548,S000431,ZETA～素数の世界と超越者～,DPA,★5.9,★8.7,★11.6
CT_ID0071,S000058,MAX 300,DPA,★5.9,★9.0,★11.8
CT_ID1562,S001222,魔法のかくれんぼ,DPA,★5.9,★8.9,★11.9
CT_ID0130,S000104,RISLIM -Remix-,DPA,★5.9,★7.9,★11.5
CT_ID2271,S000276,NEW GENERATION -もう、お前しか見えない-,DPL,★5.9,★9.4,★12.1
CT_ID1724,S001345,kors k's How to make OTOGE CORE 「LONG」,DPA,★5.9,★8.1,★11.1
CT_ID0869,S000682,Night sky,DPA,★5.9,★8.2,★11.1
CT_ID1579,S001234,ALTERNATOR,DPA,★6.0,★7.8,★10.6
CT_ID1739,S001354,Ou Legends,DPA,★6.0,★8.7,★11.6
CT_ID1783,S001388,ぞうしょく！？マイデンティティ,DPA,★6.0,★8.6,★11.2
CT_ID1391,S001085,Matt Silver,DPA,★6.0,★7.6,★10.2
CT_ID1190,S000931,NITROUS CANNON,DPA,★6.1,★8.7,★11.5
CT_ID1303,S001016,ruin of opals,DPA,★6.1,★7.7,★10.7
CT_ID1181,S000925,Illusionary Waterlily,DPA,★6.2,★8.1,★10.9
CT_ID2411,S001216,新宝島,DPL,★6.2,★8.2,★10.9
CT_ID1974,S001536,FlyAway,DPA,★4.7,★7.8,★10.7
CT_ID1020,S000798,真 地獄超特急 -HELL or HELL-,DPA,★4.7,★7.8,★11.4
CT_ID0553,S000434,灼熱Beach Side Bunny,DPA,★4.8,★9.0,★12.5
CT_ID1671,S001306,逆月,DPA,★4.9,★7.7,★10.9
CT_ID1958,S001525,destination,DPA,★5.0,★7.7,★10.3
CT_ID2234,S000071,LAB,DPL,★5.1,★7.8,★10.8
CT_ID2298,S000342,AIR RAID FROM THA UNDAGROUND,DPL,★5.2,★7.8,★11.2
CT_ID2096,S001629,chaplet -IIDX re:build-,DPA,★5.3,★7.9,★10.7
CT_ID0682,S000538,Proof of the existence,DPA,★5.3,★7.8,★10.8
CT_ID2243,S000165,CaptivAte～浄化～,DPL,★5.4,★8.3,★11.0
CT_ID1875,S001459,SOLAR ECLIPSE,DPA,★5.5,★9.8,★13.1
CT_ID2101,S001633,Digitized Ocean,DPA,★5.6,★8.1,★10.6
CT_ID1677,S001311,天邪鬼,DPA,★5.6,★7.9,★10.7
CT_ID2333,S000580,ALBA -黎明-,DPL,★5.6,★8.3,★11.4
CT_ID1858,S001445,Million Dollar,DPA,★5.7,★8.5,★11.3
CT_ID1358,S001058,BEAT PRISONER,DPA,★5.7,★8.2,★11.4
CT_ID2085,S001621,Astra Blaze,DPA,★5.7,★8.6,★11.6
CT_ID2277,S000293,Ubertreffen,DPL,★5.8,★8.8,★11.4
CT_ID0478,S000374,Raison d'etre～交差する宿命～,DPA,★5.8,★8.4,★11.4
CT_ID0891,S000701,TOXIC VIBRATION,DPA,★5.8,★9.0,★11.9
CT_ID1344,S001046,最小三倍完全数,DPA,★5.8,★8.7,★11.9
CT_ID0593,S000468,quaver♪,DPA,★5.8,★8.7,★11.7
CT_ID1961,S001527,Drop Syndicate,DPA,★5.9,★9.0,★11.8
CT_ID0610,S000481,The Sampling Paradise,DPA,★5.9,★7.4,★10.5
CT_ID1385,S001080,Level 2,DPA,★5.9,★8.7,★11.7
CT_ID1706,S001331,Chaotoxin,DPA,★5.9,★9.1,★11.8
CT_ID2338,S000588,Close the World feat.a☆ru,DPL,★6.0,★9.2,★11.9
CT_ID2373,S000787,ZEPHYRANTHES,DPL,★6.0,★8.6,★11.5
CT_ID1035,S000811,Apocalypse,DPA,★6.0,★8.3,★11.3
CT_ID1885,S001466,The Last Apocalypse,DPA,★6.0,★8.5,★11.4
CT_ID2392,S000985,Ember Lights,DPL,★6.0,★8.7,★11.3
CT_ID1997,S001552,NOIXIA,DPA,★6.0,★8.7,★11.7
CT_ID1474,S001152,COSMIC RAY,DPA,★6.0,★9.5,★12.3
CT_ID1727,S001347,Level 4,DPA,★6.0,★9.0,★12.1
CT_ID1575,S001232,ABSOLUTE EVIL,DPA,★6.1,★8.6,★11.5
CT_ID1772,S001379,VOLAQUAS,DPA,★6.1,★8.9,★11.7
CT_ID0968,S000758,M4K3 1T B0UNC3,DPA,★6.1,★8.2,★11.3
CT_ID1284,S001002,Level One,DPA,★6.1,★9.1,★12.3
CT_ID1991,S001548,MARLIN,DPA,★6.1,★8.8,★11.4
CT_ID0822,S000641,疾風迅雷,DPA,★6.1,★8.9,★12.2
CT_ID0769,S000601,Idola,DPA,★6.1,★8.9,★11.6
CT_ID1217,S000949,Usual Days-remix,DPA,★6.2,★9.5,★12.9
CT_ID1330,S001035,Xlo,DPA,★6.2,★8.7,★11.8
CT_ID2370,S000778,Super Duper Racers,DPL,★6.2,★8.3,★10.7
CT_ID0339,S000267,four pieces of heaven,DPA,★6.2,★9.6,★12.3
CT_ID2349,S000644,廿,DPL,★6.2,★8.0,★11.1
CT_ID2399,S001053,27th style,DPL,★6.2,★9.4,★12.8
CT_ID2320,S000499,恋する☆宇宙戦争っ！！,DPL,★6.2,★8.5,★11.4
CT_ID0616,S000486,YAKSHA,DPA,★6.2,★8.7,★11.4
CT_ID0983,S000769,refrain,DPA,★6.3,★8.4,★11.1
CT_ID0116,S000093,Karma,DPA,★6.3,★8.2,★11.3
CT_ID2398,S001050,龍王の霊廟(Mausoleum Of The Primal Dragon),DPL,★6.3,★9.6,★12.3
CT_ID1679,S001312,烽火連天の刃,DPA,★6.3,★8.6,★11.2
CT_ID2418,S001302,ミュージック・アワー,DPL,★6.3,★9.4,★12.0
CT_ID2238,S000133,Rise'n Beauty,DPL,★6.3,★8.1,★10.7
CT_ID2218,S001718,断罪のミメシス,DPA,★6.3,★8.9,★11.9
CT_ID2215,S001716,色を喪った街,DPA,★6.3,★9.1,★11.9
CT_ID1256,S000981,dAuntl3ss,DPA,★6.3,★8.3,★10.9
CT_ID0824,S000642,旋律のドグマ～Miserables～,DPA,★6.3,★9.1,★11.7
CT_ID0483,S000378,SOLID STATE SQUAD,DPA,★6.3,★8.3,★11.1
CT_ID2161,S001672,RIZING-GAMERS.,DPA,★6.4,★8.7,★11.2
CT_ID1729,S001348,LOUDER ROLLING THUNDER,DPA,★6.4,★9.4,★12.0
CT_ID2125,S001649,HEROES,DPA,★6.4,★9.0,★12.5
CT_ID0063,S000052,A,DPA,★6.4,★8.8,★11.7
CT_ID0008,S000006,Holic,DPA,★6.4,★10.2,★13.6
CT_ID1504,S001174,LOCUS OF THE TRAVEL,DPA,★6.4,★9.2,★11.8
CT_ID1541,S001205,Viridian,DPA,★6.4,★8.4,★10.9
CT_ID0381,S000297,少年A,DPA,★6.5,★9.5,★12.6
CT_ID2089,S001624,Begin,DPA,★6.5,★8.2,★10.6
CT_ID2255,S000193,Twelfth Style,DPL,★6.5,★9.2,★11.7
CT_ID1983,S001542,hora de verdad,DPA,★6.5,★9.3,★12.0
CT_ID1972,S001535,Flamingo,DPA,★6.5,★8.8,★11.3
CT_ID1840,S001432,Glitch N Ride,DPA,★6.5,★9.2,★12.0
CT_ID0706,S000554,Timepiece phase II (CN Ver.),DPA,★6.5,★8.8,★11.6
CT_ID1806,S001407,儚キ戀ノ幻想譚,DPA,★6.5,★8.7,★11.2
CT_ID1079,S000843,OTENAMI Hurricane,DPA,★6.5,★9.7,★12.5
CT_ID1602,S001252,Flying Castle,DPA,★6.5,★8.5,★11.1
CT_ID1161,S000910,DEATH†ZIGOQ ～怒りの高速爆走野郎～,DPA,★6.5,★8.8,★11.5
CT_ID1185,S000927,"Life Is A Game ft.DD""ナカタ""Metal",DPA,★6.5,★8.0,★11.2
CT_ID2251,S000179,rage against usual,DPL,★6.6,★11.5,★13.6
CT_ID1638,S001279,Silver Bullet,DPA,★6.6,★9.5,★12.1
CT_ID1932,S001504,摩天楼,DPA,★6.6,★8.8,★11.5
CT_ID1987,S001545,Lightspeed,DPA,★6.6,★8.8,★11.2
CT_ID2424,S001390,ちょえちょえまぎか,DPL,★6.7,★8.6,★11.1
CT_ID2292,S000318,Secrets,DPL,★6.7,★9.3,★11.6
CT_ID1286,S001004,LOST TECHNOLOGIE,DPA,★6.7,★9.4,★12.1
CT_ID0924,S000725,表裏一体！？怪盗いいんちょの悩み,DPA,★6.7,★9.7,★12.5
CT_ID0850,S000665,entelecheia,DPA,★6.7,★8.9,★11.4
CT_ID1481,S001157,DUAL STRIKER,DPA,★6.7,★9.0,★11.5
CT_ID0318,S000251,VANESSA,DPA,★6.8,★10.0,★12.8
CT_ID2246,S000171,garden,DPL,★6.8,★9.5,★11.9
CT_ID0716,S000560,Zirkfied,DPA,★6.8,★9.5,★12.2
CT_ID0854,S000668,FANTASTIC THREE,DPA,★6.8,★9.5,★12.4
CT_ID1223,S000953,シムルグの目醒め,DPA,★6.8,★9.2,★12.0
CT_ID2343,S000605,invoker,DPL,★6.8,★9.3,★12.2
CT_ID2260,S000230,Candy Galy,DPL,★6.8,★9.3,★11.8
CT_ID2384,S000906,ChaserXX,DPL,★6.8,★9.6,★11.9
CT_ID0710,S000556,Valanga,DPA,★6.8,★9.2,★12.0
CT_ID1502,S001173,Level 3,DPA,★6.8,★8.4,★11.1
CT_ID2393,S000989,GENE,DPL,★6.8,★9.2,★11.6
CT_ID1059,S000829,Go Ahead!!,DPA,★6.8,★11.9,★13.7
CT_ID0951,S000747,Dynamite,DPA,★6.8,★9.4,★12.1
CT_ID1470,S001149,BLACK or WHITE?,DPA,★6.9,★8.8,★11.2
CT_ID1536,S001202,THE PEERLESS UNDER HEAVEN,DPA,★6.9,★9.3,★12.2
CT_ID1153,S000904,Boomy and The Boost,DPA,★6.9,★8.4,★11.0
CT_ID0996,S000781,Triple Counter,DPA,★6.9,★9.7,★12.4
CT_ID1397,S001089,ORCA,DPA,★6.9,★9.6,★12.4
CT_ID1748,S001361,RINNE,DPA,★6.9,★9.3,★11.7
CT_ID1163,S000911,DropZ-Line-,DPA,★6.9,★9.9,★12.3
CT_ID2170,S001679,Smintheus,DPA,★6.9,★9.6,★12.6
CT_ID1335,S001039,お菓子の王国,DPA,★6.9,★10.7,★13.4
CT_ID2279,S000295,華爛漫 -Flowers-,DPL,★7.0,★9.0,★11.4
CT_ID0280,S000223,カゴノトリ～弐式～,DPA,★7.0,★10.1,★12.7
CT_ID1011,S000793,めいさいアイドル☆あいむちゃん♪,DPA,★7.0,★8.9,★11.4
CT_ID0613,S000484,Todestrieb,DPA,★7.0,★9.3,★11.8
CT_ID2386,S000934,O/D*20,DPL,★7.0,★9.2,★11.7
CT_ID1629,S001273,PLASMA SOUL NIGHT feat. Nana Takahashi / 709sec.,DPA,★7.0,★9.1,★11.6
CT_ID1438,S001123,がっつり陰キャ!? 怪盗いいんちょの億劫^^;,DPA,★7.0,★9.0,★11.6
CT_ID1421,S001110,THE BRAVE MUST DIE,DPA,★7.0,★10.2,★12.6
CT_ID1234,S000963,東京神話,DPA,★7.0,★9.5,★12.1
CT_ID2350,S000638,海神,DPL,★7.0,★9.7,★12.4
CT_ID2076,S001615,2 Be Continued,DPA,★7.0,★8.9,★11.3
CT_ID1356,S001056,Artist,DPA,★7.1,★9.8,★12.5
CT_ID1097,S000857,Sky High,DPA,★7.1,★9.2,★11.6
CT_ID1767,S001376,The Clown of 24stairs,DPA,★7.1,★10.3,★13.0
CT_ID0848,S000664,EBONY & IVORY,DPA,★7.2,★9.9,★12.0
CT_ID0164,S000130,One More Lovely,DPA,★7.2,★9.6,★12.6
CT_ID2400,S001061,Bow shock!!,DPL,★7.2,★9.6,★11.8
CT_ID0123,S000098,moon_child,DPA,★7.2,★10.4,★13.0
CT_ID1683,S001314,[ ]DENTITY,DPA,★7.2,★9.7,★12.3
CT_ID1495,S001168,Ignis†Irae,DPA,★7.2,★9.8,★12.4
CT_ID0852,S000667,fallen leaves -IIDX edition-,DPA,★7.2,★9.4,★11.9
CT_ID2252,S000181,Scripted Connection⇒ A mix,DPL,★7.2,★9.4,★11.8
CT_ID0065,S000054,Cheer Train,DPA,★7.2,★11.1,★13.8
CT_ID1316,S001025,Unbelief,DPA,★7.2,★9.6,★12.3
CT_ID2423,S001317,≡+≡,DPL,★7.2,★9.5,★11.7
CT_ID0721,S000564,キャトられ恋はモ～モク,DPA,★7.2,★10.6,★13.2
CT_ID1770,S001378,VOID,DPA,★7.2,★10.1,★12.4
CT_ID0878,S000690,Say YEEEAHH,DPA,★7.3,★9.8,★12.4
CT_ID2426,S001438,INHERITANCE,DPL,★7.3,★9.4,★11.8
CT_ID1295,S001010,Painful Fate,DPA,★7.3,★9.6,★12.1
CT_ID2361,S000675,IMPLANTATION,DPL,★7.3,★9.7,★12.0
CT_ID2328,S000578,ΕΛΠΙΣ,DPL,★7.3,★9.7,★11.9
CT_ID2295,S000323,thunder HOUSE NATION Remix,DPL,★7.3,★9.0,★11.3
CT_ID0807,S000631,Verflucht,DPA,★7.3,★10.4,★12.7
CT_ID2357,S000661,Cosmic Cat,DPL,★7.4,★9.6,★12.2
CT_ID2369,S000776,STARLIGHT DANCEHALL,DPL,★7.4,★9.1,★11.6
CT_ID1608,S001256,GRAVITON,DPA,★7.4,★9.0,★11.2
CT_ID0673,S000531,neu,DPA,★7.4,★9.8,★12.6
CT_ID2274,S000288,THE DEEP STRIKER,DPL,★7.4,★10.2,★12.5
CT_ID1129,S000882,津軽雪,DPA,★7.5,★9.6,★12.0
CT_ID0981,S000768,POSSESSION,DPA,★7.5,★9.8,★11.9
CT_ID1573,S001231,2 Beasts Unchained,DPA,★7.5,★9.6,★12.0
CT_ID1115,S000872,イザナミノナゲキ,DPA,★7.5,★10.2,★12.7
CT_ID0420,S000326,Y&Co. is dead or alive,DPA,★7.6,★11.1,★13.5
CT_ID0627,S000495,聖人の塔,DPA,★7.6,★9.9,★12.3
CT_ID2130,S001652,Iridescent Memories,DPA,★7.8,★10.1,★12.8
CT_ID2379,S000851,SAMURAI-Scramble,DPL,★6.0,★9.8,★13.1
CT_ID1854,S001443,Level 5,DPA,★6.6,★9.9,★13.0
CT_ID1978,S001539,God Mind,DPA,★6.6,★9.5,★12.0
CT_ID1653,S001290,WHA,DPA,★6.7,★10.2,★13.3
CT_ID0809,S000632,VOX UP,DPA,★6.8,★10.4,★13.6
CT_ID2329,S000562,お米の美味しい炊き方、そしてお米を食べることによるその効果。,DPL,★6.9,★9.7,★12.6
CT_ID1017,S000796,灼熱 Pt.2 Long Train Running,DPA,★7.1,★10.1,★13.0
CT_ID1372,S001068,Everlasting Message,DPA,★7.1,★10.2,★13.0
CT_ID0874,S000687,Reflux,DPA,★7.1,★10.1,★13.1
CT_ID1830,S001425,Demon March,DPA,★7.2,★9.8,★12.5
CT_ID1585,S001239,Arkadia,DPA,★7.2,★9.2,★11.6
CT_ID2104,S001635,Dolphin Kick,DPA,★7.2,★9.5,★12.2
CT_ID1636,S001278,RAGE feat.H14 of LEONAIR,DPA,★7.2,★9.8,★12.8
CT_ID2038,S001581,アラビアン ハイパー ナイト,DPA,★7.2,★9.4,★12.0
CT_ID2322,S000493,蛇神,DPL,★7.2,★9.9,★12.3
CT_ID2319,S000483,TITANS RETURN,DPL,★7.3,★10.9,★13.4
CT_ID0947,S000744,DIAMOND CROSSING,DPA,★7.3,★10.5,★12.8
CT_ID2390,S000977,CODE:0,DPL,★7.3,★9.8,★12.5
CT_ID0919,S000721,少年は空を辿る,DPA,★7.3,★10.1,★12.9
CT_ID2342,S000598,HYENA,DPL,★7.4,★9.9,★12.4
CT_ID2034,S001579,Without Heaven,DPA,★7.4,★9.6,★12.0
CT_ID0526,S000414,reunion,DPA,★7.4,★10.3,★13.1
CT_ID0960,S000753,Grand Chariot,DPA,★7.4,★10.2,★12.8
CT_ID1453,S001135,魅惑のYUMMYスイーツ,DPA,★7.4,★10.4,★13.1
CT_ID0977,S000765,NZM,DPA,★7.4,★9.8,★12.2
CT_ID2248,S000176,Little Little Princess,DPL,★7.5,★9.4,★11.9
CT_ID0608,S000480,The Limbo,DPA,★7.5,★9.4,★11.7
CT_ID1569,S001228,閠槞彁の願い,DPA,★7.5,★9.8,★12.4
CT_ID1814,S001413,Ambivalent Vermilia,DPA,★7.5,★9.8,★12.5
CT_ID1120,S000875,焔極OVERKILL,DPA,★7.5,★9.7,★12.7
CT_ID1508,S001177,MEGAERA,DPA,★7.6,★10.2,★12.5
CT_ID1310,S001021,The Rebellion of Sequencer,DPA,★7.6,★9.8,★12.2
CT_ID1561,S001221,伐折羅-vajra-,DPA,★7.6,★9.3,★11.6
CT_ID2372,S000785,Welcome,DPL,★7.6,★10.0,★12.3
CT_ID1413,S001103,Smashing Wedge,DPA,★7.6,★9.8,★12.3
CT_ID2074,S001613,⁽⁽ଘ( ˙꒳˙ )ଓ⁾⁾ beyond reason,DPA,★7.6,★10.2,★13.1
CT_ID0022,S000017,minimalian,DPA,★7.6,★9.7,★12.0
CT_ID0704,S000553,Timepiece phase II,DPA,★7.7,★10.1,★12.6
CT_ID1257,S000982,Dr. Chemical & Killing Machine,DPA,★7.7,★9.0,★11.1
CT_ID0489,S000383,ワルツ第17番 ト短調”大犬のワルツ”,DPA,★7.7,★10.6,★13.5
CT_ID1061,S000830,GuNGNiR,DPA,★7.8,★10.5,★13.0
CT_ID0240,S000191,冥,DPA,★7.8,★13.6,★14.1
CT_ID0566,S000447,DIAVOLO,DPA,★7.8,★10.2,★12.5
CT_ID0701,S000551,Thor's Hammer,DPA,★7.8,★10.9,★13.2
CT_ID2267,S000261,Blue Rain,DPL,★7.8,★9.8,★11.8
CT_ID2070,S001609,天使のカンタータ -Cantata of Angels-,DPA,★7.8,★9.9,★12.4
CT_ID2365,S000725,表裏一体！？怪盗いいんちょの悩み,DPL,★7.8,★10.2,★12.6
CT_ID2371,S000783,Violet Pulse,DPL,★7.8,★10.3,★12.6
CT_ID2283,S000304,BITTER CHOCOLATE STRIKER,DPL,★7.8,★10.1,★12.5
CT_ID1956,S001524,Cross Fire,DPA,★7.8,★9.5,★11.7
CT_ID2316,S000467,QUANTUM TELEPORTATION,DPL,★7.8,★10.0,★12.1
CT_ID1423,S001111,THE F∀UST,DPA,★7.9,★10.2,★12.5
CT_ID2387,S000940,REVOLVER,DPL,★7.9,★10.4,★12.8
CT_ID1289,S001006,Necroxis Girl,DPA,★8.0,★8.7,★11.7
CT_ID1610,S001257,hard-wired,DPA,★8.0,★10.6,★13.5
CT_ID2049,S001591,スキッテイエェエエェ!!!!,DPA,★8.0,★10.6,★13.5
CT_ID0855,S000669,Flashes,DPA,★8.0,★10.0,★11.9
CT_ID1460,S001141,∀,DPA,★8.0,★10.3,★12.7
CT_ID0793,S000620,ra'am,DPA,★8.0,★10.4,★13.1
CT_ID0185,S000147,GENOCIDE,DPA,★8.0,★10.9,★13.5
CT_ID1380,S001076,Inferno of Fomalhaut,DPA,★8.0,★9.9,★12.6
CT_ID2031,S001577,uen,DPA,★8.0,★10.1,★12.7
CT_ID2374,S000795,紫陽花 -AZISAI-,DPL,★8.1,★10.8,★13.5
CT_ID2359,S000669,Flashes,DPL,★8.1,★10.5,★13.1
CT_ID1458,S001140,-65℃,DPA,★8.1,★10.1,★12.7
CT_ID0829,S000646,煉獄のエルフェリア,DPA,★8.1,★10.9,★13.2
CT_ID2440,S001463,Submerge Serenade,DPL,★8.2,★9.8,★11.7
CT_ID1819,S001417,CADENZA,DPA,★8.2,★10.0,★12.2
CT_ID0621,S000491,君のハートにロックオン,DPA,★8.2,★10.5,★12.9
CT_ID2163,S001673,RUINA,DPA,★8.2,★11.1,★13.5
CT_ID0018,S000013,DXY!,DPA,★8.2,★11.8,★13.9
CT_ID0256,S000204,DUE TOMORROW,DPA,★8.2,★10.8,★13.4
CT_ID1003,S000786,X,DPA,★8.2,★10.7,★12.8
CT_ID2242,S000156,spiral galaxy,DPL,★8.2,★9.7,★11.9
CT_ID1895,S001474,Vulnerability,DPA,★8.2,★10.0,★12.5
CT_ID1559,S001220,二人ノ廃城幽踊宴,DPA,★8.2,★11.0,★13.6
CT_ID1700,S001326,Bad Encryption,DPA,★8.2,★11.1,★13.4
CT_ID2247,S000174,INAZUMA,DPL,★8.3,★10.3,★12.2
CT_ID1055,S000826,ECHIDNA,DPA,★8.3,★10.3,★12.4
CT_ID1791,S001394,栄冠のカンパネラ,DPA,★8.3,★10.5,★12.8
CT_ID1013,S000794,駅猫のワルツ,DPA,★8.3,★10.4,★13.5
CT_ID0695,S000547,STULTI,DPA,★8.3,★10.6,★13.3
CT_ID0285,S000226,嘆きの樹,DPA,★8.3,★10.8,★13.0
CT_ID2334,S000581,Ancient Scapes,DPL,★8.4,★10.7,★13.0
CT_ID2154,S001668,PERFECT GREAT!!,DPA,★8.4,★9.9,★12.3
CT_ID2258,S000219,waxing and wanding,DPL,★8.5,★10.0,★12.3
CT_ID0118,S000095,Logic Board,DPA,★8.5,★10.4,★12.5
CT_ID2114,S001641,FiZZλ_POT!0N,DPA,★8.6,★10.6,★13.3
CT_ID1763,S001373,suspicions,DPA,★8.6,★10.0,★12.2
CT_ID2192,S001697,サタデーナイト☆ギャロップ,DPA,★8.7,★10.7,★13.0
CT_ID2111,S001639,fixer,DPA,★8.8,★11.4,★13.6
CT_ID2081,S001619,Amor∞Fati,DPA,★8.8,★10.6,★13.1
CT_ID2439,S000559,ZED,DPL,★8.9,★10.3,★12.9
CT_ID2276,S000290,Time to Air,DPL,★9.2,★10.2,★12.8
CT_ID2240,S000140,Be quiet,DPL,★9.3,★10.4,★12.9
CT_ID2268,S000264,Do it!! Do it!!,DPL,★7.9,★10.5,★12.7
CT_ID2326,S000544,Saturn,DPL,★8.3,★10.9,★13.5
CT_ID2029,S001576,Uaigh Gealai,DPA,★8.4,★10.1,★12.6
CT_ID0956,S000751,GOBBLE,DPH,★8.4,★11.6,★13.9
CT_ID2397,S001027,Urban Constellations,DPL,★8.4,★10.8,★13.0
CT_ID1443,S001127,ピアノ協奏曲第1番”蠍火” (BlackY Remix),DPA,★8.4,★9.9,★12.8
CT_ID2339,S000593,Elektrick U-Phoria,DPL,★8.6,★10.4,★12.5
CT_ID2404,S001091,Override,DPL,★8.6,★10.1,★12.1
CT_ID2225,S001724,ιgniЯRuina,DPA,★8.7,★10.2,★12.7
CT_ID1552,S001214,ディスコルディア,DPA,★8.7,★10.9,★13.2
CT_ID2401,S001081,LIGHTNING STRIKES,DPL,★8.7,★10.4,★12.5
CT_ID2256,S000200,CONTRACT,DPL,★8.7,★10.5,★12.6
CT_ID1178,S000923,HYPE THE CORE,DPA,★8.7,★11.1,★13.8
CT_ID1245,S000974,Carmina,DPA,★8.9,★11.1,★13.5
CT_ID2402,S001084,Lost Souls,DPL,★9.1,★10.7,★12.9
CT_ID1183,S000926,Initiation,DPA,★9.1,★10.3,★12.4
CT_ID1776,S001382,Xerulean,DPA,★9.1,★10.8,★13.1
CT_ID2266,S000257,"Anisakis -somatic mutation type""Forza""-",DPL,★9.1,★11.6,★13.8
CT_ID2348,S000631,Verflucht,DPL,★9.2,★11.1,★13.3
CT_ID0200,S000159,ピアノ協奏曲第１番”蠍火”,DPA,★9.2,★11.7,★13.8
CT_ID2036,S001580,XHRONOXAPSULΞ,DPA,★9.2,★11.1,★13.7
CT_ID1702,S001327,Beyond Evolution,DPA,★9.2,★12.2,★13.9
CT_ID2358,S000664,EBONY & IVORY,DPL,★9.3,★11.5,★13.6
CT_ID1588,S001241,Binary Black Hole,DPA,★9.3,★10.6,★12.6
CT_ID0438,S000344,Bad Maniacs,DPA,★9.3,★11.2,★13.2
CT_ID1327,S001033,X-DEN,DPA,★9.3,★13.4,★14.2
CT_ID2018,S001568,Skratch Education Lv-1,DPA,★9.3,★11.1,★13.6
CT_ID2352,S000648,#The_Relentless,DPL,★9.4,★11.6,★13.8
CT_ID2143,S001660,Memoria Obscura,DPA,★9.4,★10.1,★12.1
CT_ID1093,S000854,SEQUENCE CAT,DPA,★9.5,★11.1,★13.0
CT_ID2264,S000251,VANESSA,DPL,★9.5,★11.2,★13.2
CT_ID0520,S000410,PARADISE LOST,DPA,★9.5,★10.5,★13.1
CT_ID2301,S000378,SOLID STATE SQUAD,DPL,★9.5,★10.8,★13.0
CT_ID2413,S001281,SOLID WYVERN,DPL,★9.6,★10.9,★12.9
CT_ID2363,S000722,千年ノ理,DPL,★9.6,★11.6,★13.6
CT_ID0801,S000626,Sigmund,DPA,★9.6,★11.7,★13.8
CT_ID2436,S001658,Lisa-RICCIA,DPL,★9.6,★11.2,★13.5
CT_ID1940,S001509,惑星鉄道,DPA,★9.7,★11.8,★13.8
CT_ID0642,S000511,Confiserie,DPA,★9.7,★11.2,★13.3
CT_ID0350,S000274,MENDES,DPA,★9.7,★11.5,★13.6
CT_ID2351,S000641,疾風迅雷,DPL,★9.8,★11.7,★13.7
CT_ID0355,S000278,PARANOiA ～HADES～,DPA,★9.8,★12.0,★13.7
CT_ID0776,S000606,IX,DPA,★9.8,★11.4,★13.4
CT_ID1166,S000913,EMERALDAS,DPA,★9.8,★11.8,★13.6
CT_ID0939,S000739,CODE:1 [revision1.0.1],DPA,★9.9,★11.4,★13.1
CT_ID0127,S000101,quasar,DPA,★9.9,★11.8,★13.6
CT_ID1527,S001195,Sinus Iridum,DPA,★9.9,★12.6,★14.0
CT_ID0913,S000716,共鳴遊戯の華,DPA,★10.1,★11.8,★13.5
CT_ID2269,S000267,four pieces of heaven,DPL,★10.1,★12.1,★13.8
CT_ID2263,S000250,TRANOID,DPL,★10.1,★11.7,★13.5
CT_ID0431,S000334,卑弥呼,DPA,★10.2,★12.5,★14.0
CT_ID0629,S000496,天空の夜明け,DPA,★10.2,★11.4,★13.3
CT_ID0650,S000515,Elemental Creation,DPA,★10.2,★11.3,★13.5
CT_ID1665,S001301,"ピアノ独奏無言歌 ""灰燼""",DPA,★10.4,★12.0,★13.6
CT_ID2391,S000978,CoMAAAAAAA,DPL,★10.5,★10.9,★12.9
CT_ID2177,S001684,super double play sessions,DPA,★10.7,★11.9,★13.8
CT_ID0054,S000045,NEMESIS,DPA,★10.3,★13.3,★14.0
CT_ID2024,S001573,SμG@R RU$#,DPA,★10.4,★12.2,★13.9
CT_ID0840,S000657,Chrono Diver -PENDULUMs-,DPA,★10.5,★12.4,★14.0
CT_ID1072,S000838,Mare Nectaris,DPA,★10.5,★12.9,★14.0
CT_ID2366,S000724,超青少年ノ為ノ超多幸ナ超古典的超舞曲,DPL,★10.6,★12.2,★13.8
CT_ID2273,S000286,STEEL NEEDLE,DPL,★10.6,★13.5,★14.2
CT_ID2315,S000465,Phoenix,DPL,★10.7,★11.9,★13.7
CT_ID2270,S000268,ICARUS,DPL,★10.7,★13.6,★14.2
CT_ID2262,S000239,KAMAITACHI,DPL,★10.7,★11.5,★13.6
CT_ID0592,S000467,QUANTUM TELEPORTATION,DPA,★10.7,★12.0,★13.6
CT_ID0523,S000412,perditus†paradisus,DPA,★10.7,★12.0,★13.7
CT_ID0436,S000343,Almagest,DPA,★10.7,★13.3,★14.2
CT_ID2355,S000656,CHRONO DIVER -NORNIR-,DPL,★10.8,★12.1,★13.9
CT_ID1370,S001067,EROICA,DPA,★10.9,★13.0,★14.1
CT_ID2344,S000607,KAISER PHOENIX,DPL,★11.0,★12.9,★14.1
CT_ID2321,S000495,聖人の塔,DPL,★11.0,★12.3,★13.8
CT_ID2377,S000830,GuNGNiR,DPL,★11.0,★12.9,★14.0
CT_ID2376,S000821,BroGamer,DPL,★11.0,★12.0,★13.9
CT_ID0633,S000503,†渚の小悪魔ラヴリィ～レイディオ†(IIDX EDIT),DPA,★11.2,★13.4,★14.2
CT_ID2305,S000396,Dances with Snow Fairies,DPL,★11.3,★12.8,★14.0
CT_ID1620,S001265,n/a,DPA,★11.3,★12.5,★13.9
CT_ID2347,S000626,Sigmund,DPL,★11.4,★12.7,★14.1
CT_ID2324,S000524,Illegal Function Call,DPL,★11.4,★13.3,★14.2
CT_ID2385,S000910,DEATH†ZIGOQ ～怒りの高速爆走野郎～,DPL,★11.4,★12.7,★13.9
CT_ID2438,S000423,THE BLACK KNIGHT,DPL,★11.6,★12.7,★13.9
CT_ID1754,S001366,Somnidiscotheque,DPA,★11.6,★12.9,★14.2
CT_ID2318,S000480,The Limbo,DPL,★11.7,★12.8,★13.9
CT_ID2300,S000374,Raison d'etre～交差する宿命～,DPL,★11.7,★12.9,★14.0
CT_ID0476,S000373,quell～the seventh slave～,DPA,★12.2,★13.3,★14.2
CT_ID2477,S001726,Citroforte,DPA,,,
CT_ID2478,S001727,DEADRABBIT!!,DPA,,,
CT_ID2479,S001728,Deathstalker,DPA,,,
CT_ID2480,S001762,OTOROSHI,DPA,,,
CT_ID2481,S001729,TEKNO KEISER,DPA,,,
CT_ID2482,S001731,ΛИ0MΛLY,DPA,,,
CT_ID2483,S001732,月下散刄,DPA,,,
CT_ID2484,S001733,斎戒,DPA,,,
CT_ID2486,S001062,Calvados Queen,DPL,,,
CT_ID2487,S000864,TOGAKUSHI,DPL,,,